,Unnamed: 0,Občina,leto,Št. hudih telesnih poškodb,Št. lažjih telesnih poškodb,Št. smrti,Število prebivalcev,n,index
0,0,Ajdovščina,2021,8,26,2,19704.0,4,1
1,1,Ajdovščina,2022,8,46,0,19727.0,3,1
2,2,Ajdovščina,2023,4,44,0,19811.0,2,0
3,3,Ajdovščina,2024,11,40,0,19891.0,4,1
4,4,Ajdovščina,2025,7,42,2,19895.0,4,1
5,0,Ajdovščina,2021-2025,38,198,4,19805.6,3,1
6,5,Ankaran,2021,1,5,0,3261.0,2,0
7,6,Ankaran,2022,2,3,0,3282.0,5,2
8,7,Ankaran,2023,2,11,0,3388.0,5,2
9,8,Ankaran,2024,4,10,0,3325.0,10,2
10,9,Ankaran,2025,3,11,0,3446.0,7,2
11,1,Ankaran,2021-2025,12,40,0,3340.4,6,2
12,10,Apače,2021,0,3,0,3556.0,0,0
13,11,Apače,2022,0,5,0,3556.0,0,0
14,12,Apače,2023,1,6,0,3536.0,2,0
15,13,Apače,2024,1,3,0,3580.0,2,0
16,14,Apače,2025,2,1,0,3563.0,4,1
17,2,Apače,2021-2025,4,18,0,3558.2,2,0
18,15,Beltinci,2021,5,18,0,8068.0,5,2
19,16,Beltinci,2022,3,20,0,8104.0,3,1
20,17,Beltinci,2023,5,31,3,8082.0,9,2
21,18,Beltinci,2024,0,21,0,8071.0,0,0
22,19,Beltinci,2025,1,23,0,8129.0,1,0
23,3,Beltinci,2021-2025,14,113,3,8090.8,4,1
24,20,Benedikt,2021,0,5,0,2614.0,0,0
25,21,Benedikt,2022,0,14,0,2684.0,0,0
26,22,Benedikt,2023,1,5,0,2735.0,3,1
27,23,Benedikt,2024,1,7,0,2728.0,3,1
28,24,Benedikt,2025,0,6,0,2738.0,0,0
29,4,Benedikt,2021-2025,2,37,0,2699.8,1,0
30,25,Bistrica ob Sotli,2021,2,3,0,1356.0,12,2
31,26,Bistrica ob Sotli,2022,0,0,0,1361.0,0,0
32,27,Bistrica ob Sotli,2023,1,1,0,1354.0,6,2
33,28,Bistrica ob Sotli,2024,2,3,0,1348.0,12,2
34,29,Bistrica ob Sotli,2025,0,4,0,1335.0,0,0
35,5,Bistrica ob Sotli,2021-2025,5,11,0,1350.8,6,2
36,30,Bled,2021,5,14,0,8217.0,5,2
37,31,Bled,2022,4,25,1,8250.0,5,2
38,32,Bled,2023,5,37,1,8190.0,6,2
39,33,Bled,2024,11,29,0,8157.0,11,2
40,34,Bled,2025,8,32,0,8154.0,8,2
41,6,Bled,2021-2025,33,137,2,8193.6,7,2
42,35,Bloke,2021,3,3,0,1616.0,15,2
43,36,Bloke,2022,1,5,1,1610.0,11,2
44,37,Bloke,2023,0,1,0,1564.0,0,0
45,38,Bloke,2024,3,4,0,1566.0,15,2
46,39,Bloke,2025,0,5,0,1554.0,0,0
47,7,Bloke,2021-2025,7,18,1,1582.0,8,2
48,40,Bohinj,2021,6,15,2,5611.0,12,2
49,41,Bohinj,2022,7,12,0,5676.0,10,2
50,42,Bohinj,2023,7,21,0,5439.0,10,2
51,43,Bohinj,2024,7,16,0,5275.0,11,2
52,44,Bohinj,2025,6,12,0,5238.0,9,2
53,8,Bohinj,2021-2025,33,76,2,5447.8,10,2
54,45,Borovnica,2021,2,3,0,4664.0,3,1
55,46,Borovnica,2022,1,5,0,4629.0,2,0
56,47,Borovnica,2023,0,0,0,4681.0,0,0
57,48,Borovnica,2024,0,2,0,4726.0,0,0
58,49,Borovnica,2025,1,7,0,4706.0,2,0
59,9,Borovnica,2021-2025,4,17,0,4681.2,1,0
60,50,Bovec,2021,3,7,0,3245.0,7,2
61,51,Bovec,2022,5,18,0,3178.0,13,2
62,52,Bovec,2023,9,20,0,3044.0,24,2
63,53,Bovec,2024,7,11,0,3054.0,18,2
64,54,Bovec,2025,7,15,0,3004.0,19,2
65,10,Bovec,2021-2025,31,71,0,3105.0,16,2
66,55,Braslovče,2021,5,21,0,5656.0,7,2
67,56,Braslovče,2022,5,28,0,5681.0,7,2
68,57,Braslovče,2023,1,25,0,5723.0,1,0
69,58,Braslovče,2024,2,25,0,5819.0,3,1
70,59,Braslovče,2025,6,24,1,5919.0,10,2
71,11,Braslovče,2021-2025,19,123,1,5759.6,6,2
72,60,Brda,2021,3,7,2,5639.0,8,2
73,61,Brda,2022,2,8,0,5632.0,3,1
74,62,Brda,2023,4,12,0,5590.0,6,2
75,63,Brda,2024,3,7,0,5573.0,4,1
76,64,Brda,2025,1,4,2,5584.0,5,2
77,12,Brda,2021-2025,13,38,4,5603.6,5,2
78,65,Brezovica,2021,9,37,1,12785.0,6,2
79,66,Brezovica,2022,6,33,0,12823.0,4,1
80,67,Brezovica,2023,8,40,0,12838.0,5,2
81,68,Brezovica,2024,4,13,2,13004.0,4,1
82,69,Brezovica,2025,6,36,2,13133.0,5,2
83,13,Brezovica,2021-2025,33,159,5,12916.6,5,2
84,70,Brežice,2021,16,67,2,24419.0,6,2
85,71,Brežice,2022,8,63,1,24370.0,3,1
86,72,Brežice,2023,7,63,0,24417.0,2,0
87,73,Brežice,2024,9,68,0,24450.0,3,1
88,74,Brežice,2025,15,58,1,24402.0,5,2
89,14,Brežice,2021-2025,55,319,4,24411.6,4,1
90,75,Cankova,2021,1,9,0,1753.0,5,2
91,76,Cankova,2022,0,14,0,1740.0,0,0
92,77,Cankova,2023,2,5,0,1765.0,9,2
93,78,Cankova,2024,1,6,0,1769.0,5,2
94,79,Cankova,2025,0,1,0,1754.0,0,0
95,15,Cankova,2021-2025,4,35,0,1756.2,4,1
96,80,Celje,2021,12,230,5,49007.0,3,1
97,81,Celje,2022,17,233,3,48679.0,3,1
98,82,Celje,2023,13,230,3,48776.0,3,1
99,83,Celje,2024,30,276,1,49289.0,5,2
100,84,Celje,2025,21,213,0,49628.0,3,1
101,16,Celje,2021-2025,93,1182,12,49075.8,4,1
102,85,Cerklje na Gorenjskem,2021,5,8,1,7859.0,6,2
103,86,Cerklje na Gorenjskem,2022,6,17,1,7901.0,7,2
104,87,Cerklje na Gorenjskem,2023,6,26,1,7854.0,7,2
105,88,Cerklje na Gorenjskem,2024,14,29,2,7825.0,17,2
106,89,Cerklje na Gorenjskem,2025,6,19,0,7944.0,6,2
107,17,Cerklje na Gorenjskem,2021-2025,37,99,5,7876.6,9,2
108,90,Cerknica,2021,4,23,0,11691.0,3,1
109,91,Cerknica,2022,3,45,2,11718.0,4,1
110,92,Cerknica,2023,3,37,0,11785.0,2,0
111,93,Cerknica,2024,3,35,1,11870.0,3,1
112,94,Cerknica,2025,8,34,0,11848.0,5,2
113,18,Cerknica,2021-2025,21,174,3,11782.4,3,1
114,95,Cerkno,2021,5,5,0,4547.0,9,2
115,96,Cerkno,2022,4,12,0,4546.0,7,2
116,97,Cerkno,2023,2,9,0,4516.0,4,1
117,98,Cerkno,2024,0,7,0,4452.0,0,0
118,99,Cerkno,2025,2,9,0,4423.0,4,1
119,19,Cerkno,2021-2025,13,42,0,4496.8,5,2
120,100,Cerkvenjak,2021,4,8,0,2171.0,15,2
121,101,Cerkvenjak,2022,1,6,1,2179.0,8,2
122,102,Cerkvenjak,2023,1,7,1,2216.0,8,2
123,103,Cerkvenjak,2024,0,6,0,2247.0,0,0
124,104,Cerkvenjak,2025,1,4,0,2254.0,4,1
125,20,Cerkvenjak,2021-2025,7,31,2,2213.4,7,2
126,105,Cirkulane,2021,0,6,0,2378.0,0,0
127,106,Cirkulane,2022,1,2,0,2363.0,3,1
128,107,Cirkulane,2023,0,6,0,2366.0,0,0
129,108,Cirkulane,2024,1,2,0,2378.0,3,1
130,109,Cirkulane,2025,1,2,0,2364.0,3,1
131,21,Cirkulane,2021-2025,3,18,0,2369.8,2,0
132,125,Destrnik,2021,2,11,1,2647.0,10,2
133,126,Destrnik,2022,1,10,0,2632.0,3,1
134,127,Destrnik,2023,0,8,2,2641.0,8,2
135,128,Destrnik,2024,0,10,0,2694.0,0,0
136,129,Destrnik,2025,0,2,0,2695.0,0,0
137,22,Destrnik,2021-2025,3,41,3,2661.8,4,1
138,130,Divača,2021,6,25,3,4334.0,18,2
139,131,Divača,2022,3,29,2,4371.0,10,2
140,132,Divača,2023,6,21,0,4443.0,11,2
141,133,Divača,2024,2,22,0,4501.0,4,1
142,134,Divača,2025,6,19,2,4535.0,15,2
143,23,Divača,2021-2025,23,116,7,4436.8,11,2
144,135,Dobje,2021,0,5,0,934.0,0,0
145,136,Dobje,2022,1,11,0,942.0,8,2
146,137,Dobje,2023,0,9,0,969.0,0,0
147,138,Dobje,2024,0,4,0,970.0,0,0
148,139,Dobje,2025,1,1,1,960.0,19,2
149,24,Dobje,2021-2025,2,30,1,955.0,5,2
150,140,Dobrepolje,2021,2,5,1,3882.0,7,2
151,141,Dobrepolje,2022,1,4,0,3871.0,2,0
152,142,Dobrepolje,2023,0,6,0,3923.0,0,0
153,143,Dobrepolje,2024,2,9,0,3934.0,4,1
154,144,Dobrepolje,2025,1,3,0,3937.0,2,0
155,25,Dobrepolje,2021-2025,6,27,1,3909.4,3,1
156,145,Dobrna,2021,0,6,0,2250.0,0,0
157,146,Dobrna,2022,0,6,0,2277.0,0,0
158,147,Dobrna,2023,1,9,0,2297.0,3,1
159,148,Dobrna,2024,1,7,0,2313.0,3,1
160,149,Dobrna,2025,1,9,0,2324.0,3,1
161,26,Dobrna,2021-2025,3,37,0,2292.2,2,0
162,150,Dobrova-Polhov Gradec,2021,1,14,0,7843.0,1,0
163,151,Dobrova-Polhov Gradec,2022,3,12,0,7844.0,3,1
164,152,Dobrova-Polhov Gradec,2023,3,9,1,7946.0,4,1
165,153,Dobrova-Polhov Gradec,2024,3,12,0,8039.0,3,1
166,154,Dobrova-Polhov Gradec,2025,4,19,0,8064.0,4,1
167,27,Dobrova-Polhov Gradec,2021-2025,14,66,1,7947.2,3,1
168,155,Dobrovnik,2021,0,3,0,1293.0,0,0
169,156,Dobrovnik,2022,0,1,0,1263.0,0,0
170,157,Dobrovnik,2023,0,3,0,1254.0,0,0
171,158,Dobrovnik,2024,1,1,0,1258.0,6,2
172,159,Dobrovnik,2025,1,2,0,1238.0,6,2
173,28,Dobrovnik,2021-2025,2,10,0,1261.2,3,1
174,160,Dol pri Ljubljani,2021,1,14,0,6378.0,1,0
175,161,Dol pri Ljubljani,2022,1,23,0,6348.0,1,0
176,162,Dol pri Ljubljani,2023,3,8,0,6352.0,4,1
177,163,Dol pri Ljubljani,2024,3,9,0,6432.0,4,1
178,164,Dol pri Ljubljani,2025,0,12,0,6420.0,0,0
179,29,Dol pri Ljubljani,2021-2025,8,66,0,6386.0,2,0
180,165,Dolenjske Toplice,2021,2,10,1,3593.0,7,2
181,166,Dolenjske Toplice,2022,0,3,1,3589.0,3,1
182,167,Dolenjske Toplice,2023,0,9,1,3611.0,3,1
183,168,Dolenjske Toplice,2024,1,8,0,3618.0,2,0
184,169,Dolenjske Toplice,2025,1,12,1,3680.0,5,2
185,30,Dolenjske Toplice,2021-2025,4,42,4,3618.2,4,1
186,170,Domžale,2021,12,77,2,36683.0,3,1
187,171,Domžale,2022,17,89,1,36905.0,4,1
188,172,Domžale,2023,7,95,0,37477.0,1,0
189,173,Domžale,2024,9,98,1,37821.0,2,0
190,174,Domžale,2025,7,92,3,38190.0,2,0
191,31,Domžale,2021-2025,52,451,7,37415.2,3,1
192,175,Dornava,2021,1,4,0,2896.0,3,1
193,176,Dornava,2022,1,8,0,2880.0,3,1
194,177,Dornava,2023,1,7,0,2902.0,3,1
195,178,Dornava,2024,1,11,1,2891.0,6,2
196,179,Dornava,2025,0,5,0,2937.0,0,0
197,32,Dornava,2021-2025,4,35,1,2901.2,3,1
198,180,Dravograd,2021,3,20,1,8844.0,4,1
199,181,Dravograd,2022,4,39,0,8882.0,4,1
200,182,Dravograd,2023,2,31,2,8862.0,4,1
201,183,Dravograd,2024,5,27,0,8815.0,5,2
202,184,Dravograd,2025,4,49,0,8816.0,4,1
203,33,Dravograd,2021-2025,18,166,3,8843.8,4,1
204,185,Duplek,2021,0,13,0,6959.0,0,0
205,186,Duplek,2022,2,12,0,7015.0,2,0
206,187,Duplek,2023,0,3,0,7046.0,0,0
207,188,Duplek,2024,2,25,0,6999.0,2,0
208,189,Duplek,2025,2,14,0,7057.0,2,0
209,34,Duplek,2021-2025,6,67,0,7015.2,1,0
210,190,Gorenja vas-Poljane,2021,0,10,0,7665.0,0,0
211,191,Gorenja vas-Poljane,2022,4,11,2,7672.0,7,2
212,192,Gorenja vas-Poljane,2023,4,13,1,7646.0,5,2
213,193,Gorenja vas-Poljane,2024,1,7,1,7656.0,2,0
214,194,Gorenja vas-Poljane,2025,2,14,1,7724.0,3,1
215,35,Gorenja vas-Poljane,2021-2025,11,55,5,7672.6,4,1
216,195,Gorišnica,2021,0,19,0,4161.0,0,0
217,196,Gorišnica,2022,1,9,0,4180.0,2,0
218,197,Gorišnica,2023,1,6,0,4182.0,2,0
219,198,Gorišnica,2024,3,10,0,4188.0,6,2
220,199,Gorišnica,2025,2,20,0,4213.0,4,1
221,36,Gorišnica,2021-2025,7,64,0,4184.8,3,1
222,200,Gorje,2021,1,6,0,2769.0,3,1
223,201,Gorje,2022,1,7,0,2779.0,3,1
224,202,Gorje,2023,0,6,1,2793.0,4,1
225,203,Gorje,2024,2,8,0,2744.0,6,2
226,204,Gorje,2025,3,5,0,2732.0,9,2
227,37,Gorje,2021-2025,7,32,1,2763.4,5,2
228,205,Gornja Radgona,2021,5,19,0,8474.0,5,2
229,206,Gornja Radgona,2022,3,12,0,8476.0,3,1
230,207,Gornja Radgona,2023,0,21,0,8489.0,0,0
231,208,Gornja Radgona,2024,1,26,0,8503.0,1,0
232,209,Gornja Radgona,2025,5,18,0,8519.0,5,2
233,38,Gornja Radgona,2021-2025,14,96,0,8492.2,3,1
234,210,Gornji Grad,2021,0,6,0,2480.0,0,0
235,211,Gornji Grad,2022,1,1,0,2552.0,3,1
236,212,Gornji Grad,2023,1,1,0,2559.0,3,1
237,213,Gornji Grad,2024,0,4,0,2595.0,0,0
238,214,Gornji Grad,2025,0,5,2,2549.0,8,2
239,39,Gornji Grad,2021-2025,2,17,2,2547.0,3,1
240,215,Gornji Petrovci,2021,1,7,1,2040.0,9,2
241,216,Gornji Petrovci,2022,1,1,0,2010.0,4,1
242,217,Gornji Petrovci,2023,1,2,0,1982.0,4,1
243,218,Gornji Petrovci,2024,0,3,0,2002.0,0,0
244,219,Gornji Petrovci,2025,0,5,0,1964.0,0,0
245,40,Gornji Petrovci,2021-2025,3,18,1,1999.6,3,1
246,220,Grad,2021,0,3,0,2087.0,0,0
247,221,Grad,2022,0,5,0,2063.0,0,0
248,222,Grad,2023,0,3,0,2005.0,0,0
249,223,Grad,2024,0,1,0,1985.0,0,0
250,224,Grad,2025,1,1,0,1969.0,4,1
251,41,Grad,2021-2025,1,13,0,2021.8,1,0
252,225,Grosuplje,2021,6,39,0,21398.0,2,0
253,226,Grosuplje,2022,5,46,0,21333.0,2,0
254,227,Grosuplje,2023,7,42,0,21587.0,3,1
255,228,Grosuplje,2024,2,51,0,21870.0,1,0
256,229,Grosuplje,2025,2,49,1,22050.0,1,0
257,42,Grosuplje,2021-2025,22,227,1,21647.6,2,0
258,230,Hajdina,2021,0,26,0,3938.0,0,0
259,231,Hajdina,2022,1,28,0,3873.0,2,0
260,232,Hajdina,2023,1,17,0,3897.0,2,0
261,233,Hajdina,2024,0,27,1,4001.0,2,0
262,234,Hajdina,2025,2,31,0,4059.0,4,1
263,43,Hajdina,2021-2025,4,129,1,3953.6,2,0
264,240,Hodoš,2021,0,1,0,369.0,0,0
265,241,Hodoš,2022,0,2,0,362.0,0,0
266,242,Hodoš,2023,1,0,0,357.0,22,2
267,243,Hodoš,2024,0,1,0,346.0,0,0
268,244,Hodoš,2025,0,1,0,335.0,0,0
269,44,Hodoš,2021-2025,1,5,0,353.8,5,2
270,245,Horjul,2021,0,6,0,2985.0,0,0
271,246,Horjul,2022,0,4,0,3006.0,0,0
272,247,Horjul,2023,2,4,0,3024.0,5,2
273,248,Horjul,2024,1,4,0,3044.0,3,1
274,249,Horjul,2025,3,3,0,3051.0,8,2
275,45,Horjul,2021-2025,6,21,0,3022.0,3,1
276,235,Hoče-Slivnica,2021,4,39,1,11720.0,4,1
277,236,Hoče-Slivnica,2022,2,66,1,11723.0,2,0
278,237,Hoče-Slivnica,2023,7,65,0,11885.0,5,2
279,238,Hoče-Slivnica,2024,5,70,1,11981.0,4,1
280,239,Hoče-Slivnica,2025,7,32,0,11913.0,5,2
281,46,Hoče-Slivnica,2021-2025,25,272,3,11844.4,4,1
282,250,Hrastnik,2021,1,18,0,9058.0,1,0
283,251,Hrastnik,2022,0,7,0,8963.0,0,0
284,252,Hrastnik,2023,3,14,1,8967.0,4,1
285,253,Hrastnik,2024,1,16,0,8939.0,1,0
286,254,Hrastnik,2025,1,18,0,8820.0,1,0
287,47,Hrastnik,2021-2025,6,73,1,8949.4,1,0
288,255,Hrpelje-Kozina,2021,6,22,0,4851.0,10,2
289,256,Hrpelje-Kozina,2022,2,19,0,4970.0,3,1
290,257,Hrpelje-Kozina,2023,5,24,1,5131.0,10,2
291,258,Hrpelje-Kozina,2024,11,36,1,5181.0,19,2
292,259,Hrpelje-Kozina,2025,7,18,0,5356.0,10,2
293,48,Hrpelje-Kozina,2021-2025,31,119,2,5097.8,11,2
294,260,Idrija,2021,2,13,0,11735.0,1,0
295,261,Idrija,2022,2,23,0,11729.0,1,0
296,262,Idrija,2023,4,27,2,11757.0,4,1
297,263,Idrija,2024,7,24,1,11706.0,6,2
298,264,Idrija,2025,4,22,0,11673.0,3,1
299,49,Idrija,2021-2025,19,109,3,11720.0,3,1
300,265,Ig,2021,0,10,0,7656.0,0,0
301,266,Ig,2022,2,13,0,7695.0,2,0
302,267,Ig,2023,2,15,0,7718.0,2,0
303,268,Ig,2024,2,11,0,7793.0,2,0
304,269,Ig,2025,4,19,0,7926.0,4,1
305,50,Ig,2021-2025,10,68,0,7757.6,2,0
306,270,Ilirska Bistrica,2021,2,34,1,13379.0,2,0
307,271,Ilirska Bistrica,2022,5,53,0,13399.0,3,1
308,272,Ilirska Bistrica,2023,6,33,1,13362.0,4,1
309,273,Ilirska Bistrica,2024,5,33,1,13313.0,4,1
310,274,Ilirska Bistrica,2025,5,40,0,13255.0,3,1
311,51,Ilirska Bistrica,2021-2025,23,193,3,13341.6,3,1
312,275,Ivančna Gorica,2021,4,33,0,17538.0,2,0
313,276,Ivančna Gorica,2022,8,45,1,17599.0,4,1
314,277,Ivančna Gorica,2023,7,51,3,17738.0,5,2
315,278,Ivančna Gorica,2024,6,58,0,18114.0,3,1
316,279,Ivančna Gorica,2025,6,52,1,18267.0,3,1
317,52,Ivančna Gorica,2021-2025,31,239,5,17851.2,3,1
318,280,Izola,2021,13,23,0,16737.0,6,2
319,281,Izola,2022,10,47,2,16647.0,6,2
320,282,Izola,2023,18,70,0,16564.0,9,2
321,283,Izola,2024,9,67,0,16479.0,4,1
322,284,Izola,2025,11,51,1,16500.0,6,2
323,53,Izola,2021-2025,61,258,3,16585.4,6,2
324,285,Jesenice,2021,6,27,3,21679.0,4,1
325,286,Jesenice,2022,3,33,0,21758.0,1,0
326,287,Jesenice,2023,3,32,0,21883.0,1,0
327,288,Jesenice,2024,5,31,1,21944.0,2,0
328,289,Jesenice,2025,13,46,2,21895.0,6,2
329,54,Jesenice,2021-2025,30,169,6,21831.8,3,1
330,290,Jezersko,2021,3,1,0,666.0,36,2
331,291,Jezersko,2022,0,2,0,667.0,0,0
332,292,Jezersko,2023,0,1,0,671.0,0,0
333,293,Jezersko,2024,0,0,0,662.0,0,0
334,294,Jezersko,2025,0,3,0,681.0,0,0
335,55,Jezersko,2021-2025,3,7,0,669.4,7,2
336,295,Juršinci,2021,1,7,0,2421.0,3,1
337,296,Juršinci,2022,0,9,0,2501.0,0,0
338,297,Juršinci,2023,0,6,0,2481.0,0,0
339,298,Juršinci,2024,1,7,0,2458.0,3,1
340,299,Juršinci,2025,1,5,0,2478.0,3,1
341,56,Juršinci,2021-2025,3,34,0,2467.8,2,0
342,300,Kamnik,2021,3,56,0,29989.0,1,0
343,301,Kamnik,2022,8,79,0,29793.0,2,0
344,302,Kamnik,2023,13,79,3,29979.0,4,1
345,303,Kamnik,2024,10,76,1,30020.0,3,1
346,304,Kamnik,2025,10,89,0,29885.0,3,1
347,57,Kamnik,2021-2025,44,379,4,29933.2,3,1
348,305,Kanal,2021,8,11,0,5289.0,12,2
349,306,Kanal,2022,4,12,1,5245.0,8,2
350,307,Kanal,2023,4,20,0,5213.0,6,2
351,308,Kanal,2024,3,11,0,5106.0,5,2
352,309,Kanal,2025,7,9,0,5099.0,11,2
353,58,Kanal,2021-2025,26,63,1,5190.4,8,2
354,310,Kidričevo,2021,1,13,3,6539.0,6,2
355,311,Kidričevo,2022,1,21,0,6547.0,1,0
356,312,Kidričevo,2023,3,23,0,6586.0,4,1
357,313,Kidričevo,2024,2,16,1,6594.0,4,1
358,314,Kidričevo,2025,1,25,0,6673.0,1,0
359,59,Kidričevo,2021-2025,8,98,4,6587.8,3,1
360,315,Kobarid,2021,5,8,0,4032.0,10,2
361,316,Kobarid,2022,2,10,0,4044.0,4,1
362,317,Kobarid,2023,4,9,0,4046.0,8,2
363,318,Kobarid,2024,2,8,0,4045.0,4,1
364,319,Kobarid,2025,5,11,0,4026.0,10,2
365,60,Kobarid,2021-2025,18,46,0,4038.6,7,2
366,320,Kobilje,2021,0,1,0,540.0,0,0
367,321,Kobilje,2022,0,0,0,532.0,0,0
368,322,Kobilje,2023,0,2,0,512.0,0,0
369,323,Kobilje,2025,0,1,0,507.0,0,0
370,61,Kobilje,2021-2025,0,4,0,522.75,0,0
371,329,Komen,2021,3,1,0,3655.0,7,2
372,330,Komen,2022,0,3,0,3634.0,0,0
373,331,Komen,2023,4,4,0,3578.0,9,2
374,332,Komen,2024,1,13,0,3509.0,2,0
375,333,Komen,2025,2,7,0,3518.0,5,2
376,62,Komen,2021-2025,10,28,0,3578.8,4,1
377,334,Komenda,2021,0,12,1,6444.0,2,0
378,335,Komenda,2022,1,18,1,6482.0,3,1
379,336,Komenda,2023,2,28,0,6643.0,2,0
380,337,Komenda,2024,1,23,0,6739.0,1,0
381,338,Komenda,2025,3,25,0,6761.0,4,1
382,63,Komenda,2021-2025,7,106,2,6613.8,2,0
383,339,Koper,2021,39,113,4,53292.0,7,2
384,340,Koper,2022,23,121,3,53462.0,4,1
385,341,Koper,2023,44,178,3,53875.0,7,2
386,342,Koper,2024,44,201,5,54252.0,7,2
387,343,Koper,2025,38,179,2,54430.0,6,2
388,64,Koper,2021-2025,188,792,17,53862.2,6,2
389,344,Kostanjevica na Krki,2021,1,3,0,2446.0,3,1
390,345,Kostanjevica na Krki,2022,5,3,0,2453.0,16,2
391,346,Kostanjevica na Krki,2023,2,5,0,2472.0,6,2
392,347,Kostanjevica na Krki,2024,0,1,0,2464.0,0,0
393,348,Kostanjevica na Krki,2025,1,5,0,2448.0,3,1
394,65,Kostanjevica na Krki,2021-2025,9,17,0,2456.6,6,2
395,349,Kostel,2021,2,3,1,691.0,38,2
396,350,Kostel,2022,0,1,0,678.0,0,0
397,351,Kostel,2023,1,8,0,621.0,13,2
398,352,Kostel,2024,3,11,0,624.0,38,2
399,353,Kostel,2025,0,4,0,610.0,0,0
400,66,Kostel,2021-2025,6,27,1,644.8,18,2
401,354,Kozje,2021,0,8,0,3030.0,0,0
402,355,Kozje,2022,0,3,0,3029.0,0,0
403,356,Kozje,2023,1,3,0,3010.0,3,1
404,357,Kozje,2024,2,11,0,2993.0,5,2
405,358,Kozje,2025,3,8,0,3002.0,8,2
406,67,Kozje,2021-2025,6,33,0,3012.8,3,1
407,324,Kočevje,2021,4,49,3,15644.0,4,1
408,325,Kočevje,2022,8,72,1,15623.0,5,2
409,326,Kočevje,2023,13,67,0,15674.0,7,2
410,327,Kočevje,2024,16,71,0,15661.0,8,2
411,328,Kočevje,2025,9,38,0,15555.0,5,2
412,68,Kočevje,2021-2025,50,297,4,15631.4,6,2
413,359,Kranj,2021,17,129,1,57185.0,3,1
414,360,Kranj,2022,19,146,1,56639.0,3,1
415,361,Kranj,2023,21,145,3,57171.0,3,1
416,362,Kranj,2024,25,157,0,57138.0,4,1
417,363,Kranj,2025,24,141,0,57384.0,3,1
418,69,Kranj,2021-2025,106,718,5,57103.4,3,1
419,364,Kranjska Gora,2021,7,28,0,7522.0,7,2
420,365,Kranjska Gora,2022,5,31,1,7689.0,7,2
421,366,Kranjska Gora,2023,6,22,0,5878.0,8,2
422,367,Kranjska Gora,2024,6,26,0,5247.0,9,2
423,368,Kranjska Gora,2025,7,28,0,5214.0,11,2
424,70,Kranjska Gora,2021-2025,31,135,1,6310.0,8,2
425,369,Križevci,2021,0,12,0,3549.0,0,0
426,370,Križevci,2022,2,6,1,3536.0,7,2
427,371,Križevci,2023,2,12,0,3564.0,4,1
428,372,Križevci,2024,3,11,0,3536.0,7,2
429,373,Križevci,2025,3,11,0,3528.0,7,2
430,71,Križevci,2021-2025,10,52,1,3542.6,5,2
431,374,Krško,2021,11,79,1,25904.0,4,1
432,375,Krško,2022,12,69,2,25833.0,4,1
433,376,Krško,2023,6,71,3,25982.0,3,1
434,377,Krško,2024,9,54,0,26019.0,3,1
435,378,Krško,2025,8,83,2,26175.0,3,1
436,72,Krško,2021-2025,46,356,8,25982.6,3,1
437,379,Kungota,2021,0,2,0,4844.0,0,0
438,380,Kungota,2022,2,12,0,4916.0,3,1
439,381,Kungota,2023,0,7,0,4950.0,0,0
440,382,Kungota,2024,2,4,0,5032.0,3,1
441,383,Kungota,2025,3,6,0,5072.0,5,2
442,73,Kungota,2021-2025,7,31,0,4962.8,2,0
443,384,Kuzma,2021,0,0,0,1624.0,0,0
444,385,Kuzma,2022,1,5,0,1654.0,5,2
445,386,Kuzma,2023,0,4,0,1636.0,0,0
446,387,Kuzma,2024,0,6,0,1625.0,0,0
447,388,Kuzma,2025,0,3,0,1630.0,0,0
448,74,Kuzma,2021-2025,1,18,0,1633.8,1,0
449,389,Laško,2021,3,41,0,13123.0,2,0
450,390,Laško,2022,10,37,0,12976.0,6,2
451,391,Laško,2023,5,39,2,13013.0,5,2
452,392,Laško,2024,0,35,0,13002.0,0,0
453,393,Laško,2025,5,45,2,13047.0,5,2
454,75,Laško,2021-2025,23,197,4,13032.2,3,1
455,394,Lenart,2021,1,21,0,8512.0,1,0
456,395,Lenart,2022,2,27,0,8561.0,2,0
457,396,Lenart,2023,3,34,1,8648.0,4,1
458,397,Lenart,2024,5,18,2,8591.0,7,2
459,398,Lenart,2025,1,26,1,8574.0,2,0
460,76,Lenart,2021-2025,12,126,4,8577.2,3,1
461,399,Lendava,2021,4,30,1,10486.0,4,1
462,400,Lendava,2022,9,18,0,10312.0,7,2
463,401,Lendava,2023,5,26,0,10211.0,4,1
464,402,Lendava,2024,3,31,0,10180.0,2,0
465,403,Lendava,2025,3,37,0,10125.0,2,0
466,77,Lendava,2021-2025,24,142,1,10262.8,4,1
467,404,Litija,2021,5,47,0,15743.0,3,1
468,405,Litija,2022,4,38,1,15720.0,3,1
469,406,Litija,2023,7,58,1,15753.0,4,1
470,407,Litija,2024,7,33,4,15834.0,6,2
471,408,Litija,2025,4,33,1,15882.0,3,1
472,78,Litija,2021-2025,27,209,7,15786.4,4,1
473,409,Ljubljana,2021,117,991,4,294464.0,3,1
474,410,Ljubljana,2022,135,1149,7,293218.0,4,1
475,411,Ljubljana,2023,106,1115,7,296228.0,3,1
476,412,Ljubljana,2024,133,1086,2,297575.0,4,1
477,413,Ljubljana,2025,114,973,4,300354.0,3,1
478,79,Ljubljana,2021-2025,605,5314,24,296367.8,3,1
479,414,Ljubno,2021,0,7,1,2576.0,4,1
480,415,Ljubno,2022,1,1,1,2542.0,7,2
481,416,Ljubno,2023,0,4,0,2560.0,0,0
482,417,Ljubno,2024,0,5,0,2512.0,0,0
483,418,Ljubno,2025,0,2,0,2524.0,0,0
484,80,Ljubno,2021-2025,1,19,2,2542.8,2,0
485,419,Ljutomer,2021,4,37,1,11233.0,4,1
486,420,Ljutomer,2022,4,41,0,11140.0,3,1
487,421,Ljutomer,2023,10,32,1,11042.0,8,2
488,422,Ljutomer,2024,2,41,1,11000.0,2,0
489,423,Ljutomer,2025,6,37,0,10955.0,4,1
490,81,Ljutomer,2021-2025,26,188,3,11074.0,4,1
491,429,Log-Dragomer,2021,0,13,0,3620.0,0,0
492,430,Log-Dragomer,2022,2,5,0,3681.0,4,1
493,431,Log-Dragomer,2023,4,10,0,3764.0,9,2
494,432,Log-Dragomer,2024,4,12,0,3812.0,8,2
495,433,Log-Dragomer,2025,2,18,0,3860.0,4,1
496,82,Log-Dragomer,2021-2025,12,58,0,3747.4,5,2
497,424,Logatec,2021,3,21,1,14681.0,2,0
498,425,Logatec,2022,8,38,1,14699.0,5,2
499,426,Logatec,2023,6,32,0,15065.0,3,1
500,427,Logatec,2024,8,44,2,15046.0,6,2
501,428,Logatec,2025,13,71,0,15071.0,7,2
502,83,Logatec,2021-2025,38,206,4,14912.4,5,2
503,444,Lovrenc na Pohorju,2021,0,2,0,2988.0,0,0
504,445,Lovrenc na Pohorju,2022,0,3,0,2958.0,0,0
505,446,Lovrenc na Pohorju,2023,1,7,0,2944.0,3,1
506,447,Lovrenc na Pohorju,2024,0,2,0,2951.0,0,0
507,448,Lovrenc na Pohorju,2025,0,4,0,2944.0,0,0
508,84,Lovrenc na Pohorju,2021-2025,1,18,0,2957.0,1,0
509,434,Loška dolina,2021,0,2,0,3703.0,0,0
510,435,Loška dolina,2022,0,4,1,3624.0,3,1
511,436,Loška dolina,2023,2,2,0,3550.0,5,2
512,437,Loška dolina,2024,0,9,0,3526.0,0,0
513,438,Loška dolina,2025,0,2,0,3506.0,0,0
514,85,Loška dolina,2021-2025,2,19,1,3581.8,1,0
515,439,Loški Potok,2021,0,3,0,1816.0,0,0
516,440,Loški Potok,2022,1,2,0,1807.0,4,1
517,441,Loški Potok,2023,1,1,0,1797.0,4,1
518,442,Loški Potok,2024,2,1,0,1803.0,9,2
519,443,Loški Potok,2025,4,2,0,1835.0,17,2
520,86,Loški Potok,2021-2025,8,9,0,1811.6,7,2
521,454,Lukovica,2021,1,35,1,5888.0,3,1
522,455,Lukovica,2022,3,37,0,5978.0,4,1
523,456,Lukovica,2023,2,38,1,6020.0,4,1
524,457,Lukovica,2024,5,30,0,6131.0,7,2
525,458,Lukovica,2025,6,35,0,6186.0,8,2
526,87,Lukovica,2021-2025,17,175,2,6040.6,5,2
527,449,Luče,2021,1,1,0,1454.0,6,2
528,450,Luče,2022,0,1,0,1455.0,0,0
529,451,Luče,2023,3,1,0,1437.0,17,2
530,452,Luče,2024,1,2,0,1421.0,6,2
531,453,Luče,2025,0,0,0,1419.0,0,0
532,88,Luče,2021-2025,5,5,0,1437.2,6,2
533,459,Majšperk,2021,2,7,2,4060.0,9,2
534,460,Majšperk,2022,0,6,0,4026.0,0,0
535,461,Majšperk,2023,3,1,1,4002.0,8,2
536,462,Majšperk,2024,0,15,0,4011.0,0,0
537,463,Majšperk,2025,2,12,1,3983.0,7,2
538,89,Majšperk,2021-2025,7,41,4,4016.4,5,2
539,464,Makole,2021,0,3,0,2051.0,0,0
540,465,Makole,2022,2,5,0,2048.0,8,2
541,466,Makole,2023,0,3,0,2038.0,0,0
542,467,Makole,2024,3,5,0,2028.0,12,2
543,468,Makole,2025,0,6,0,2058.0,0,0
544,90,Makole,2021-2025,5,22,0,2044.6,4,1
545,469,Maribor,2021,32,488,1,113778.0,2,0
546,470,Maribor,2022,42,516,1,113004.0,3,1
547,471,Maribor,2023,42,483,5,113000.0,3,1
548,472,Maribor,2024,40,411,2,113747.0,3,1
549,473,Maribor,2025,43,409,0,114301.0,3,1
550,91,Maribor,2021-2025,199,2307,9,113566.0,3,1
551,474,Markovci,2021,3,8,0,4025.0,6,2
552,475,Markovci,2022,1,11,1,4022.0,4,1
553,476,Markovci,2023,2,9,0,4102.0,4,1
554,477,Markovci,2024,3,12,0,4090.0,6,2
555,478,Markovci,2025,1,14,0,4073.0,2,0
556,92,Markovci,2021-2025,10,54,1,4062.4,4,1
557,479,Medvode,2021,4,25,1,16811.0,2,0
558,480,Medvode,2022,3,24,0,16792.0,1,0
559,481,Medvode,2023,5,22,1,17076.0,3,1
560,482,Medvode,2024,3,26,0,17213.0,1,0
561,483,Medvode,2025,6,22,1,17296.0,3,1
562,93,Medvode,2021-2025,21,119,3,17037.6,2,0
563,484,Mengeš,2021,4,17,0,8411.0,4,1
564,485,Mengeš,2022,4,17,0,8487.0,4,1
565,486,Mengeš,2023,1,15,0,8592.0,1,0
566,487,Mengeš,2024,2,16,1,8654.0,3,1
567,488,Mengeš,2025,4,13,0,8684.0,4,1
568,94,Mengeš,2021-2025,15,78,1,8565.6,3,1
569,489,Metlika,2021,4,18,0,8480.0,4,1
570,490,Metlika,2022,4,15,0,8452.0,4,1
571,491,Metlika,2023,3,27,0,8465.0,3,1
572,492,Metlika,2024,5,24,0,8439.0,5,2
573,493,Metlika,2025,8,17,1,8572.0,9,2
574,95,Metlika,2021-2025,24,101,1,8481.6,5,2
575,494,Mežica,2021,1,7,0,3598.0,2,0
576,495,Mežica,2022,1,1,0,3567.0,2,0
577,496,Mežica,2023,0,7,0,3564.0,0,0
578,497,Mežica,2024,0,12,0,3554.0,0,0
579,498,Mežica,2025,0,9,0,3518.0,0,0
580,96,Mežica,2021-2025,2,36,0,3560.2,1,0
581,499,Miklavž na Dravskem polju,2021,1,20,0,6996.0,1,0
582,500,Miklavž na Dravskem polju,2022,1,12,1,7045.0,3,1
583,501,Miklavž na Dravskem polju,2023,0,16,0,7147.0,0,0
584,502,Miklavž na Dravskem polju,2024,1,14,0,7189.0,1,0
585,503,Miklavž na Dravskem polju,2025,3,3,1,7261.0,5,2
586,97,Miklavž na Dravskem polju,2021-2025,6,65,2,7127.6,2,0
587,504,Miren-Kostanjevica,2021,2,11,1,5029.0,5,2
588,505,Miren-Kostanjevica,2022,0,4,0,5072.0,0,0
589,506,Miren-Kostanjevica,2023,2,7,0,5100.0,3,1
590,507,Miren-Kostanjevica,2024,6,6,0,5058.0,9,2
591,508,Miren-Kostanjevica,2025,0,8,0,5060.0,0,0
592,98,Miren-Kostanjevica,2021-2025,10,36,1,5063.8,4,1
593,509,Mirna,2021,0,4,0,2683.0,0,0
594,510,Mirna,2022,1,10,0,2694.0,3,1
595,511,Mirna,2023,1,6,0,2714.0,3,1
596,512,Mirna,2024,0,6,0,2753.0,0,0
597,513,Mirna,2025,0,2,0,2822.0,0,0
598,99,Mirna,2021-2025,2,28,0,2733.2,1,0
599,514,Mirna Peč,2021,2,7,0,3034.0,5,2
600,515,Mirna Peč,2022,1,6,1,3077.0,6,2
601,516,Mirna Peč,2023,1,4,0,3130.0,3,1
602,517,Mirna Peč,2024,1,7,0,3192.0,3,1
603,518,Mirna Peč,2025,2,11,1,3203.0,8,2
604,100,Mirna Peč,2021-2025,7,35,2,3127.2,5,2
605,519,Mislinja,2021,1,16,0,4520.0,2,0
606,520,Mislinja,2022,3,12,1,4532.0,8,2
607,521,Mislinja,2023,2,12,0,4535.0,4,1
608,522,Mislinja,2024,6,13,0,4571.0,11,2
609,523,Mislinja,2025,3,21,0,4521.0,5,2
610,101,Mislinja,2021-2025,15,74,1,4535.8,6,2
611,524,Mokronog-Trebelno,2021,2,4,0,3164.0,5,2
612,525,Mokronog-Trebelno,2022,2,11,0,3164.0,5,2
613,526,Mokronog-Trebelno,2023,0,7,0,3229.0,0,0
614,527,Mokronog-Trebelno,2024,0,4,0,3223.0,0,0
615,528,Mokronog-Trebelno,2025,2,7,0,3270.0,5,2
616,102,Mokronog-Trebelno,2021-2025,6,33,0,3210.0,3,1
617,534,Moravske Toplice,2021,2,26,1,5958.0,4,1
618,535,Moravske Toplice,2022,3,12,0,5990.0,4,1
619,536,Moravske Toplice,2023,2,17,1,5971.0,4,1
620,537,Moravske Toplice,2024,2,8,1,5964.0,4,1
621,538,Moravske Toplice,2025,1,20,2,5957.0,5,2
622,103,Moravske Toplice,2021-2025,10,83,5,5968.0,4,1
623,529,Moravče,2021,2,7,0,5469.0,3,1
624,530,Moravče,2022,3,14,0,5522.0,4,1
625,531,Moravče,2023,1,10,0,5569.0,1,0
626,532,Moravče,2024,2,17,0,5651.0,3,1
627,533,Moravče,2025,0,3,0,5670.0,0,0
628,104,Moravče,2021-2025,8,51,0,5576.2,2,0
629,539,Mozirje,2021,2,15,0,4244.0,4,1
630,540,Mozirje,2022,2,9,0,4401.0,4,1
631,541,Mozirje,2023,1,7,0,4489.0,2,0
632,542,Mozirje,2024,1,14,0,4532.0,2,0
633,543,Mozirje,2025,2,7,0,4503.0,4,1
634,105,Mozirje,2021-2025,8,52,0,4433.8,3,1
635,544,Murska Sobota,2021,3,92,1,18622.0,2,0
636,545,Murska Sobota,2022,17,74,1,18543.0,8,2
637,546,Murska Sobota,2023,7,88,0,18651.0,3,1
638,547,Murska Sobota,2024,7,109,1,18577.0,4,1
639,548,Murska Sobota,2025,5,83,1,18429.0,3,1
640,106,Murska Sobota,2021-2025,39,446,4,18564.4,4,1
641,549,Muta,2021,1,7,1,3417.0,5,2
642,550,Muta,2022,1,9,0,3402.0,2,0
643,551,Muta,2023,4,14,0,3394.0,9,2
644,552,Muta,2024,3,9,1,3358.0,10,2
645,553,Muta,2025,3,6,1,3363.0,10,2
646,107,Muta,2021-2025,12,45,3,3386.8,7,2
647,554,Naklo,2021,0,13,1,5431.0,2,0
648,555,Naklo,2022,2,16,2,5380.0,7,2
649,556,Naklo,2023,5,24,1,5495.0,9,2
650,557,Naklo,2024,0,15,0,5471.0,0,0
651,558,Naklo,2025,3,12,0,5478.0,4,1
652,108,Naklo,2021-2025,10,80,4,5451.0,4,1
653,559,Nazarje,2021,1,3,0,2611.0,3,1
654,560,Nazarje,2022,0,1,0,2682.0,0,0
655,561,Nazarje,2023,0,1,0,2673.0,0,0
656,562,Nazarje,2024,2,2,0,2691.0,6,2
657,563,Nazarje,2025,0,2,0,2686.0,0,0
658,109,Nazarje,2021-2025,3,9,0,2668.6,2,0
659,564,Nova Gorica,2021,8,70,3,31845.0,3,1
660,565,Nova Gorica,2022,17,82,0,31824.0,4,1
661,566,Nova Gorica,2023,15,82,0,32034.0,4,1
662,567,Nova Gorica,2024,19,77,2,31956.0,5,2
663,568,Nova Gorica,2025,17,51,0,31906.0,4,1
664,110,Nova Gorica,2021-2025,76,362,5,31913.0,4,1
665,569,Novo mesto,2021,16,121,4,37398.0,4,1
666,570,Novo mesto,2022,14,131,1,37615.0,3,1
667,571,Novo mesto,2023,13,152,1,38075.0,3,1
668,572,Novo mesto,2024,15,187,1,38348.0,3,1
669,573,Novo mesto,2025,20,138,1,38669.0,4,1
670,111,Novo mesto,2021-2025,78,729,8,38021.0,4,1
671,574,Odranci,2021,0,2,0,1619.0,0,0
672,575,Odranci,2022,1,7,0,1595.0,5,2
673,576,Odranci,2023,0,1,0,1606.0,0,0
674,577,Odranci,2024,0,5,0,1592.0,0,0
675,578,Odranci,2025,0,3,0,1600.0,0,0
676,112,Odranci,2021-2025,1,18,0,1602.4,1,0
677,579,Oplotnica,2021,5,6,1,4154.0,12,2
678,580,Oplotnica,2022,2,12,2,4131.0,9,2
679,581,Oplotnica,2023,1,6,0,4146.0,2,0
680,582,Oplotnica,2024,3,12,1,4176.0,8,2
681,583,Oplotnica,2025,0,19,0,4203.0,0,0
682,113,Oplotnica,2021-2025,11,55,4,4162.0,6,2
683,584,Ormož,2021,1,26,2,11886.0,2,0
684,585,Ormož,2022,6,37,0,11890.0,4,1
685,586,Ormož,2023,9,22,0,11912.0,6,2
686,587,Ormož,2024,3,39,0,11813.0,2,0
687,588,Ormož,2025,10,31,2,11849.0,8,2
688,114,Ormož,2021-2025,29,155,4,11870.0,5,2
689,589,Osilnica,2021,0,1,0,327.0,0,0
690,590,Osilnica,2022,0,0,0,321.0,0,0
691,591,Osilnica,2024,1,0,0,331.0,24,2
692,592,Osilnica,2025,0,0,0,329.0,0,0
693,115,Osilnica,2021-2025,1,1,0,327.0,6,2
694,593,Pesnica,2021,3,33,2,7508.0,6,2
695,594,Pesnica,2022,2,33,3,7576.0,6,2
696,595,Pesnica,2023,5,26,1,7608.0,7,2
697,596,Pesnica,2024,3,34,0,7709.0,3,1
698,597,Pesnica,2025,4,45,1,7819.0,5,2
699,116,Pesnica,2021-2025,17,171,7,7644.0,5,2
700,598,Piran,2021,12,61,2,18457.0,6,2
701,599,Piran,2022,18,75,0,18432.0,8,2
702,600,Piran,2023,12,80,0,18253.0,5,2
703,601,Piran,2024,23,79,0,18119.0,10,2
704,602,Piran,2025,30,79,2,18113.0,14,2
705,117,Piran,2021-2025,95,374,4,18274.8,9,2
706,603,Pivka,2021,4,13,0,6190.0,5,2
707,604,Pivka,2022,5,13,1,6230.0,8,2
708,605,Pivka,2023,2,8,0,6226.0,3,1
709,606,Pivka,2024,3,14,0,6162.0,4,1
710,607,Pivka,2025,6,20,2,6131.0,11,2
711,118,Pivka,2021-2025,20,68,3,6187.8,6,2
712,613,Podlehnik,2021,1,9,1,1853.0,10,2
713,614,Podlehnik,2022,2,11,1,1844.0,14,2
714,615,Podlehnik,2023,1,8,0,1819.0,4,1
715,616,Podlehnik,2024,0,10,0,1831.0,0,0
716,617,Podlehnik,2025,0,7,0,1821.0,0,0
717,119,Podlehnik,2021-2025,4,45,2,1833.6,6,2
718,618,Podvelka,2021,2,5,0,2365.0,7,2
719,619,Podvelka,2022,3,13,0,2337.0,10,2
720,620,Podvelka,2023,1,2,0,2310.0,3,1
721,621,Podvelka,2024,3,8,1,2258.0,15,2
722,622,Podvelka,2025,0,9,0,2228.0,0,0
723,120,Podvelka,2021-2025,9,37,1,2299.6,7,2
724,608,Podčetrtek,2021,1,17,0,3614.0,2,0
725,609,Podčetrtek,2022,3,16,0,3657.0,7,2
726,610,Podčetrtek,2023,2,11,0,3597.0,4,1
727,611,Podčetrtek,2024,1,10,0,3618.0,2,0
728,612,Podčetrtek,2025,4,12,0,3653.0,9,2
729,121,Podčetrtek,2021-2025,11,66,0,3627.8,5,2
730,623,Poljčane,2021,2,6,2,4467.0,8,2
731,624,Poljčane,2022,5,17,0,4493.0,9,2
732,625,Poljčane,2023,3,11,0,4432.0,5,2
733,626,Poljčane,2024,3,13,0,4396.0,5,2
734,627,Poljčane,2025,1,6,0,4398.0,2,0
735,122,Poljčane,2021-2025,14,53,2,4437.2,6,2
736,628,Polzela,2021,1,12,0,6321.0,1,0
737,629,Polzela,2022,3,13,0,6386.0,4,1
738,630,Polzela,2023,1,18,0,6410.0,1,0
739,631,Polzela,2024,2,8,0,6469.0,2,0
740,632,Polzela,2025,6,21,1,6629.0,9,2
741,123,Polzela,2021-2025,13,72,1,6443.0,4,1
742,633,Postojna,2021,9,43,2,16675.0,6,2
743,634,Postojna,2022,6,68,1,16753.0,3,1
744,635,Postojna,2023,7,69,1,17264.0,4,1
745,636,Postojna,2024,14,69,1,17672.0,7,2
746,637,Postojna,2025,11,66,1,17532.0,6,2
747,124,Postojna,2021-2025,47,315,6,17179.2,5,2
748,638,Prebold,2021,1,7,0,5210.0,2,0
749,639,Prebold,2022,2,13,0,5302.0,3,1
750,640,Prebold,2023,4,16,0,5343.0,6,2
751,641,Prebold,2024,1,29,0,5329.0,2,0
752,642,Prebold,2025,3,16,0,5317.0,5,2
753,125,Prebold,2021-2025,11,81,0,5300.2,3,1
754,643,Preddvor,2021,1,7,0,3780.0,2,0
755,644,Preddvor,2022,2,11,0,3811.0,4,1
756,645,Preddvor,2023,2,4,0,3870.0,4,1
757,646,Preddvor,2024,2,18,0,3865.0,4,1
758,647,Preddvor,2025,3,8,1,3934.0,9,2
759,126,Preddvor,2021-2025,10,48,1,3852.0,5,2
760,648,Prevalje,2021,1,11,0,6800.0,1,0
761,649,Prevalje,2022,2,14,0,6732.0,2,0
762,650,Prevalje,2023,1,13,0,6798.0,1,0
763,651,Prevalje,2024,1,13,0,6737.0,1,0
764,652,Prevalje,2025,3,9,0,6701.0,4,1
765,127,Prevalje,2021-2025,8,60,0,6753.6,2,0
766,653,Ptuj,2021,6,92,1,23611.0,2,0
767,654,Ptuj,2022,9,104,1,23509.0,3,1
768,655,Ptuj,2023,4,103,0,23525.0,1,0
769,656,Ptuj,2024,5,103,1,23872.0,2,0
770,657,Ptuj,2025,12,93,2,23920.0,5,2
771,128,Ptuj,2021-2025,36,495,5,23687.4,3,1
772,658,Puconci,2021,4,10,0,5904.0,5,2
773,659,Puconci,2022,4,12,0,5871.0,5,2
774,660,Puconci,2023,1,17,0,5890.0,1,0
775,661,Puconci,2024,1,14,0,5882.0,1,0
776,662,Puconci,2025,1,18,0,5818.0,1,0
777,129,Puconci,2021-2025,11,71,0,5873.0,3,1
778,673,Radenci,2021,4,6,0,5098.0,6,2
779,674,Radenci,2022,1,8,0,5056.0,2,0
780,675,Radenci,2023,1,5,0,5202.0,2,0
781,676,Radenci,2024,0,7,0,5104.0,0,0
782,677,Radenci,2025,0,11,0,5065.0,0,0
783,130,Radenci,2021-2025,6,37,0,5105.0,2,0
784,668,Radeče,2021,2,2,0,4164.0,4,1
785,669,Radeče,2022,1,8,0,4146.0,2,0
786,670,Radeče,2023,0,12,0,4108.0,0,0
787,671,Radeče,2024,1,10,0,4114.0,2,0
788,672,Radeče,2025,1,11,2,4078.0,7,2
789,131,Radeče,2021-2025,5,43,2,4122.0,3,1
790,678,Radlje ob Dravi,2021,2,10,0,6164.0,3,1
791,679,Radlje ob Dravi,2022,0,16,0,6181.0,0,0
792,680,Radlje ob Dravi,2023,1,10,0,6142.0,1,0
793,681,Radlje ob Dravi,2024,1,17,0,6180.0,1,0
794,682,Radlje ob Dravi,2025,2,23,0,6221.0,3,1
795,132,Radlje ob Dravi,2021-2025,6,76,0,6177.6,2,0
796,683,Radovljica,2021,4,41,0,19195.0,2,0
797,684,Radovljica,2022,9,48,0,19325.0,4,1
798,685,Radovljica,2023,7,45,1,19315.0,3,1
799,686,Radovljica,2024,6,57,0,19406.0,2,0
800,687,Radovljica,2025,5,72,2,19373.0,3,1
801,133,Radovljica,2021-2025,31,263,3,19322.8,3,1
802,688,Ravne na Koroškem,2021,1,30,0,11289.0,1,0
803,689,Ravne na Koroškem,2022,5,32,0,11228.0,4,1
804,690,Ravne na Koroškem,2023,2,29,0,11199.0,1,0
805,691,Ravne na Koroškem,2024,2,22,0,11170.0,1,0
806,692,Ravne na Koroškem,2025,8,23,0,11191.0,6,2
807,134,Ravne na Koroškem,2021-2025,18,136,0,11215.4,3,1
808,693,Razkrižje,2021,0,0,0,1265.0,0,0
809,694,Razkrižje,2022,0,2,0,1237.0,0,0
810,695,Razkrižje,2023,0,0,0,1233.0,0,0
811,696,Razkrižje,2024,1,5,0,1232.0,6,2
812,697,Razkrižje,2025,0,2,0,1216.0,0,0
813,135,Razkrižje,2021-2025,1,9,0,1236.6,1,0
814,663,Rače-Fram,2021,2,19,0,7623.0,2,0
815,664,Rače-Fram,2022,4,36,0,7749.0,4,1
816,665,Rače-Fram,2023,6,21,0,7959.0,6,2
817,666,Rače-Fram,2024,3,24,0,8036.0,3,1
818,667,Rače-Fram,2025,3,25,0,8167.0,3,1
819,136,Rače-Fram,2021-2025,18,125,0,7906.8,4,1
820,703,Renče-Vogrsko,2021,0,7,0,4383.0,0,0
821,704,Renče-Vogrsko,2022,1,7,0,4377.0,2,0
822,705,Renče-Vogrsko,2023,1,3,2,4384.0,6,2
823,706,Renče-Vogrsko,2024,3,7,0,4417.0,5,2
824,707,Renče-Vogrsko,2025,3,18,0,4414.0,5,2
825,137,Renče-Vogrsko,2021-2025,8,42,2,4395.0,4,1
826,698,Rečica ob Savinji,2021,0,2,0,2355.0,0,0
827,699,Rečica ob Savinji,2022,0,2,1,2324.0,4,1
828,700,Rečica ob Savinji,2023,0,0,0,2318.0,0,0
829,701,Rečica ob Savinji,2024,2,5,0,2328.0,7,2
830,702,Rečica ob Savinji,2025,1,2,0,2326.0,3,1
831,138,Rečica ob Savinji,2021-2025,3,11,1,2330.2,3,1
832,708,Ribnica,2021,1,24,1,9644.0,2,0
833,709,Ribnica,2022,5,24,1,9684.0,5,2
834,710,Ribnica,2023,2,31,1,9783.0,3,1
835,711,Ribnica,2024,4,27,1,9807.0,4,1
836,712,Ribnica,2025,6,41,0,9854.0,5,2
837,139,Ribnica,2021-2025,18,147,4,9754.4,4,1
838,713,Ribnica na Pohorju,2021,0,1,0,1142.0,0,0
839,714,Ribnica na Pohorju,2022,0,1,0,1141.0,0,0
840,715,Ribnica na Pohorju,2023,1,3,0,1099.0,7,2
841,716,Ribnica na Pohorju,2024,0,2,0,1085.0,0,0
842,717,Ribnica na Pohorju,2025,0,1,0,1099.0,0,0
843,140,Ribnica na Pohorju,2021-2025,1,8,0,1113.2,1,0
844,728,Rogatec,2021,1,7,0,3138.0,3,1
845,729,Rogatec,2022,1,7,0,3055.0,3,1
846,730,Rogatec,2023,1,9,1,3034.0,6,2
847,731,Rogatec,2024,0,4,0,3049.0,0,0
848,732,Rogatec,2025,1,6,0,3088.0,3,1
849,141,Rogatec,2021-2025,4,33,1,3072.8,3,1
850,718,Rogaška Slatina,2021,4,25,0,11323.0,3,1
851,719,Rogaška Slatina,2022,1,35,0,11438.0,1,0
852,720,Rogaška Slatina,2023,3,43,0,11614.0,2,0
853,721,Rogaška Slatina,2024,6,35,0,11594.0,4,1
854,722,Rogaška Slatina,2025,6,25,1,11674.0,5,2
855,142,Rogaška Slatina,2021-2025,20,163,1,11528.6,3,1
856,723,Rogašovci,2021,1,6,1,3114.0,6,2
857,724,Rogašovci,2022,0,8,0,3125.0,0,0
858,725,Rogašovci,2023,0,7,0,3104.0,0,0
859,726,Rogašovci,2024,0,4,0,3076.0,0,0
860,727,Rogašovci,2025,1,7,0,3046.0,3,1
861,143,Rogašovci,2021-2025,2,32,1,3093.0,2,0
862,733,Ruše,2021,2,12,0,7055.0,2,0
863,734,Ruše,2022,1,11,0,7091.0,1,0
864,735,Ruše,2023,2,15,1,7127.0,4,1
865,736,Ruše,2024,3,21,0,7149.0,3,1
866,737,Ruše,2025,4,13,0,7175.0,4,1
867,144,Ruše,2021-2025,12,72,1,7119.4,3,1
868,738,Selnica ob Dravi,2021,0,8,0,4562.0,0,0
869,739,Selnica ob Dravi,2022,2,12,0,4513.0,4,1
870,740,Selnica ob Dravi,2023,3,7,0,4473.0,5,2
871,741,Selnica ob Dravi,2024,2,10,0,4469.0,4,1
872,742,Selnica ob Dravi,2025,5,17,0,4402.0,9,2
873,145,Selnica ob Dravi,2021-2025,12,54,0,4483.8,4,1
874,743,Semič,2021,2,23,0,3887.0,4,1
875,744,Semič,2022,1,30,0,3864.0,2,0
876,745,Semič,2023,3,11,0,3832.0,6,2
877,746,Semič,2024,3,12,0,3834.0,6,2
878,747,Semič,2025,1,20,1,3816.0,5,2
879,146,Semič,2021-2025,10,96,1,3846.6,5,2
880,748,Sevnica,2021,9,44,2,17639.0,5,2
881,749,Sevnica,2022,10,50,1,17661.0,5,2
882,750,Sevnica,2023,7,49,0,17654.0,3,1
883,751,Sevnica,2024,11,30,0,17632.0,5,2
884,752,Sevnica,2025,11,25,1,17555.0,6,2
885,147,Sevnica,2021-2025,48,198,4,17628.2,5,2
886,753,Sežana,2021,5,25,0,13802.0,3,1
887,754,Sežana,2022,5,28,0,13842.0,3,1
888,755,Sežana,2023,6,33,0,13824.0,3,1
889,756,Sežana,2024,4,20,0,13839.0,2,0
890,757,Sežana,2025,9,25,0,13729.0,5,2
891,148,Sežana,2021-2025,29,131,0,13807.2,3,1
892,758,Slovenj Gradec,2021,11,65,2,16595.0,7,2
893,759,Slovenj Gradec,2022,2,54,1,16716.0,2,0
894,760,Slovenj Gradec,2023,7,50,1,16955.0,4,1
895,761,Slovenj Gradec,2024,13,57,0,17062.0,6,2
896,762,Slovenj Gradec,2025,10,47,2,17067.0,6,2
897,149,Slovenj Gradec,2021-2025,43,273,6,16879.0,5,2
898,763,Slovenska Bistrica,2021,6,66,2,25949.0,3,1
899,764,Slovenska Bistrica,2022,9,100,2,26042.0,4,1
900,765,Slovenska Bistrica,2023,7,112,2,26206.0,3,1
901,766,Slovenska Bistrica,2024,15,94,1,26129.0,5,2
902,767,Slovenska Bistrica,2025,11,87,0,26265.0,3,1
903,150,Slovenska Bistrica,2021-2025,48,459,7,26118.2,3,1
904,768,Slovenske Konjice,2021,11,73,1,15263.0,6,2
905,769,Slovenske Konjice,2022,14,83,5,15221.0,11,2
906,770,Slovenske Konjice,2023,6,66,0,15313.0,3,1
907,771,Slovenske Konjice,2024,10,65,0,15485.0,5,2
908,772,Slovenske Konjice,2025,9,93,5,15515.0,8,2
909,151,Slovenske Konjice,2021-2025,50,380,11,15359.4,7,2
910,773,Sodražica,2021,0,2,0,2249.0,0,0
911,774,Sodražica,2022,1,2,0,2269.0,4,1
912,775,Sodražica,2023,0,3,0,2284.0,0,0
913,776,Sodražica,2024,4,0,0,2308.0,14,2
914,777,Sodražica,2025,1,1,0,2318.0,3,1
915,152,Sodražica,2021-2025,6,8,0,2285.6,4,1
916,778,Solčava,2021,0,0,0,529.0,0,0
917,779,Solčava,2022,0,2,0,524.0,0,0
918,780,Solčava,2023,0,2,0,511.0,0,0
919,781,Solčava,2025,2,0,0,504.0,32,2
920,153,Solčava,2021-2025,2,4,0,517.0,8,2
921,782,Središče ob Dravi,2021,0,4,0,1919.0,0,0
922,783,Središče ob Dravi,2022,1,4,0,1904.0,4,1
923,784,Središče ob Dravi,2023,1,1,0,1911.0,4,1
924,785,Središče ob Dravi,2024,0,3,0,1867.0,0,0
925,786,Središče ob Dravi,2025,1,1,0,1839.0,4,1
926,154,Središče ob Dravi,2021-2025,3,13,0,1888.0,3,1
927,787,Starše,2021,0,8,0,4081.0,0,0
928,788,Starše,2022,1,22,0,4077.0,2,0
929,789,Starše,2023,2,11,0,4132.0,4,1
930,790,Starše,2024,0,6,1,4148.0,2,0
931,791,Starše,2025,0,3,0,4128.0,0,0
932,155,Starše,2021-2025,3,50,1,4113.2,2,0
933,792,Straža,2021,0,3,0,3881.0,0,0
934,793,Straža,2022,2,6,0,3881.0,4,1
935,794,Straža,2023,2,4,0,3878.0,4,1
936,795,Straža,2024,0,13,1,3905.0,3,1
937,796,Straža,2025,0,5,0,3980.0,0,0
938,156,Straža,2021-2025,4,31,1,3905.0,2,0
939,797,Sveta Ana,2021,1,8,0,2323.0,3,1
940,798,Sveta Ana,2022,3,2,0,2326.0,10,2
941,799,Sveta Ana,2023,3,3,0,2326.0,10,2
942,800,Sveta Ana,2024,2,5,1,2360.0,11,2
943,801,Sveta Ana,2025,2,6,0,2376.0,7,2
944,157,Sveta Ana,2021-2025,11,24,1,2342.2,8,2
945,802,Sveta Trojica v Slovenskih Goricah,2021,1,10,1,2193.0,8,2
946,803,Sveta Trojica v Slovenskih Goricah,2022,0,5,0,2194.0,0,0
947,804,Sveta Trojica v Slovenskih Goricah,2023,0,1,0,2168.0,0,0
948,805,Sveta Trojica v Slovenskih Goricah,2024,3,12,0,2222.0,11,2
949,806,Sveta Trojica v Slovenskih Goricah,2025,0,2,0,2270.0,0,0
950,158,Sveta Trojica v Slovenskih Goricah,2021-2025,4,30,1,2209.4,4,1
951,807,Sveti Andraž v Slov. Goricah,2021,1,1,0,1203.0,7,2
952,808,Sveti Andraž v Slov. Goricah,2022,0,3,0,1201.0,0,0
953,809,Sveti Andraž v Slov. Goricah,2023,0,1,0,1193.0,0,0
954,810,Sveti Andraž v Slov. Goricah,2024,0,1,0,1196.0,0,0
955,811,Sveti Andraž v Slov. Goricah,2025,0,0,0,1184.0,0,0
956,159,Sveti Andraž v Slov. Goricah,2021-2025,1,6,0,1195.4,1,0
957,812,Sveti Jurij ob Ščavnici,2021,1,10,0,2834.0,3,1
958,813,Sveti Jurij ob Ščavnici,2022,3,16,0,2855.0,8,2
959,814,Sveti Jurij ob Ščavnici,2023,1,12,1,2816.0,6,2
960,815,Sveti Jurij ob Ščavnici,2024,2,14,0,2790.0,6,2
961,816,Sveti Jurij ob Ščavnici,2025,0,11,0,2795.0,0,0
962,160,Sveti Jurij ob Ščavnici,2021-2025,7,63,1,2818.0,5,2
963,817,Sveti Jurij v Slovenskih Goricah,2021,1,3,0,2114.0,4,1
964,818,Sveti Jurij v Slovenskih Goricah,2022,0,6,0,2118.0,0,0
965,819,Sveti Jurij v Slovenskih Goricah,2023,1,3,0,2132.0,4,1
966,820,Sveti Jurij v Slovenskih Goricah,2024,1,2,0,2186.0,4,1
967,821,Sveti Jurij v Slovenskih Goricah,2025,0,1,0,2180.0,0,0
968,161,Sveti Jurij v Slovenskih Goricah,2021-2025,3,15,0,2146.0,2,0
969,822,Sveti Tomaž,2021,2,1,0,2007.0,8,2
970,823,Sveti Tomaž,2022,0,5,0,2015.0,0,0
971,824,Sveti Tomaž,2023,1,4,0,1979.0,4,1
972,825,Sveti Tomaž,2024,0,2,0,1978.0,0,0
973,826,Sveti Tomaž,2025,0,4,0,1988.0,0,0
974,162,Sveti Tomaž,2021-2025,3,16,0,1993.4,2,0
975,907,Tabor,2021,0,8,0,1670.0,0,0
976,908,Tabor,2022,0,2,0,1693.0,0,0
977,909,Tabor,2023,0,5,1,1735.0,6,2
978,910,Tabor,2024,0,4,0,1750.0,0,0
979,911,Tabor,2025,0,10,1,1789.0,6,2
980,163,Tabor,2021-2025,0,29,2,1727.4,2,0
981,912,Tišina,2021,2,1,0,3965.0,4,1
982,913,Tišina,2022,2,14,1,3941.0,7,2
983,914,Tišina,2023,2,7,0,3968.0,4,1
984,915,Tišina,2024,0,8,0,3948.0,0,0
985,916,Tišina,2025,0,3,0,3905.0,0,0
986,164,Tišina,2021-2025,6,33,1,3945.4,3,1
987,917,Tolmin,2021,6,30,1,11018.0,5,2
988,918,Tolmin,2022,12,39,0,10953.0,9,2
989,919,Tolmin,2023,11,24,1,10899.0,9,2
990,920,Tolmin,2024,13,38,3,10838.0,12,2
991,921,Tolmin,2025,12,30,1,10754.0,10,2
992,165,Tolmin,2021-2025,54,161,6,10892.4,9,2
993,922,Trbovlje,2021,4,18,0,16024.0,2,0
994,923,Trbovlje,2022,4,31,0,15893.0,2,0
995,924,Trbovlje,2023,2,36,0,15958.0,1,0
996,925,Trbovlje,2024,3,22,0,16000.0,2,0
997,926,Trbovlje,2025,3,37,0,16002.0,1,0
998,166,Trbovlje,2021-2025,16,144,0,15975.4,2,0
999,927,Trebnje,2021,2,18,0,13310.0,1,0
1000,928,Trebnje,2022,4,37,2,13413.0,4,1
1001,929,Trebnje,2023,7,35,0,13477.0,4,1
1002,930,Trebnje,2024,8,44,0,13574.0,5,2
1003,931,Trebnje,2025,2,44,0,13695.0,1,0
1004,167,Trebnje,2021-2025,23,178,2,13493.8,3,1
1005,932,Trnovska vas,2021,0,5,1,1374.0,7,2
1006,933,Trnovska vas,2022,2,4,0,1385.0,12,2
1007,934,Trnovska vas,2023,0,3,0,1404.0,0,0
1008,935,Trnovska vas,2024,0,6,0,1398.0,0,0
1009,936,Trnovska vas,2025,2,3,0,1397.0,11,2
1010,168,Trnovska vas,2021-2025,4,21,1,1391.6,6,2
1011,937,Trzin,2021,1,8,0,3925.0,2,0
1012,938,Trzin,2022,3,25,0,3900.0,6,2
1013,939,Trzin,2023,2,20,0,3956.0,4,1
1014,940,Trzin,2024,1,11,0,4073.0,2,0
1015,941,Trzin,2025,1,8,0,4026.0,2,0
1016,169,Trzin,2021-2025,8,72,0,3976.0,3,1
1017,942,Tržič,2021,2,15,0,15054.0,1,0
1018,943,Tržič,2022,7,18,1,15011.0,4,1
1019,944,Tržič,2023,4,26,0,15058.0,2,0
1020,945,Tržič,2024,0,22,0,15120.0,0,0
1021,946,Tržič,2025,3,33,0,15110.0,2,0
1022,170,Tržič,2021-2025,16,114,1,15070.6,2,0
1023,947,Turnišče,2021,1,9,2,3190.0,9,2
1024,948,Turnišče,2022,0,9,0,3153.0,0,0
1025,949,Turnišče,2023,0,7,0,3163.0,0,0
1026,950,Turnišče,2024,2,10,0,3123.0,5,2
1027,951,Turnišče,2025,1,2,0,3112.0,3,1
1028,171,Turnišče,2021-2025,4,37,2,3148.2,3,1
1029,952,Velenje,2021,11,121,0,33715.0,3,1
1030,953,Velenje,2022,11,125,0,33548.0,3,1
1031,954,Velenje,2023,11,117,1,33474.0,3,1
1032,955,Velenje,2024,28,128,0,33775.0,7,2
1033,956,Velenje,2025,16,114,0,33930.0,4,1
1034,172,Velenje,2021-2025,77,605,1,33688.4,4,1
1035,957,Velika Polana,2021,0,1,0,1380.0,0,0
1036,958,Velika Polana,2022,2,1,0,1387.0,12,2
1037,959,Velika Polana,2023,0,1,0,1393.0,0,0
1038,960,Velika Polana,2025,0,2,0,1392.0,0,0
1039,173,Velika Polana,2021-2025,2,5,0,1388.0,3,1
1040,961,Velike Lašče,2021,1,13,1,4520.0,4,1
1041,962,Velike Lašče,2022,2,19,0,4584.0,3,1
1042,963,Velike Lašče,2023,4,18,0,4520.0,7,2
1043,964,Velike Lašče,2024,4,17,1,4537.0,9,2
1044,965,Velike Lašče,2025,1,12,1,4564.0,4,1
1045,174,Velike Lašče,2021-2025,12,79,3,4545.0,6,2
1046,966,Veržej,2021,0,3,0,1344.0,0,0
1047,967,Veržej,2022,0,0,0,1371.0,0,0
1048,968,Veržej,2023,0,1,0,1368.0,0,0
1049,969,Veržej,2024,0,3,0,1358.0,0,0
1050,970,Veržej,2025,1,8,0,1379.0,6,2
1051,175,Veržej,2021-2025,1,15,0,1364.0,1,0
1052,971,Videm,2021,3,10,1,5684.0,6,2
1053,972,Videm,2022,2,15,0,5601.0,3,1
1054,973,Videm,2023,0,10,0,5614.0,0,0
1055,974,Videm,2024,1,3,0,5598.0,1,0
1056,975,Videm,2025,2,11,0,5612.0,3,1
1057,176,Videm,2021-2025,8,49,1,5621.8,3,1
1058,976,Vipava,2021,6,11,0,5767.0,8,2
1059,977,Vipava,2022,5,14,0,5822.0,7,2
1060,978,Vipava,2023,7,7,0,5867.0,10,2
1061,979,Vipava,2024,11,17,0,5891.0,15,2
1062,980,Vipava,2025,6,10,0,5875.0,8,2
1063,177,Vipava,2021-2025,35,59,0,5844.4,10,2
1064,981,Vitanje,2021,2,10,0,2267.0,7,2
1065,982,Vitanje,2022,0,12,0,2266.0,0,0
1066,983,Vitanje,2023,2,3,0,2242.0,7,2
1067,984,Vitanje,2024,1,8,0,2238.0,4,1
1068,985,Vitanje,2025,2,4,0,2202.0,7,2
1069,178,Vitanje,2021-2025,7,37,0,2243.0,5,2
1070,986,Vodice,2021,1,17,0,4983.0,2,0
1071,987,Vodice,2022,2,21,0,4974.0,3,1
1072,988,Vodice,2023,0,16,0,5123.0,0,0
1073,989,Vodice,2024,3,36,0,5201.0,5,2
1074,990,Vodice,2025,3,27,0,5234.0,5,2
1075,179,Vodice,2021-2025,9,117,0,5103.0,3,1
1076,991,Vojnik,2021,6,29,1,9009.0,6,2
1077,992,Vojnik,2022,2,37,0,9063.0,2,0
1078,993,Vojnik,2023,4,31,0,9146.0,3,1
1079,994,Vojnik,2024,6,27,0,9219.0,5,2
1080,995,Vojnik,2025,6,35,2,9333.0,7,2
1081,180,Vojnik,2021-2025,24,159,3,9154.0,5,2
1082,996,Vransko,2021,2,12,2,2646.0,14,2
1083,997,Vransko,2022,1,15,0,2672.0,3,1
1084,998,Vransko,2023,1,10,0,2683.0,3,1
1085,999,Vransko,2024,3,15,0,2725.0,9,2
1086,1000,Vransko,2025,0,10,1,2763.0,4,1
1087,181,Vransko,2021-2025,7,62,3,2697.8,6,2
1088,1001,Vrhnika,2021,1,40,2,17613.0,2,0
1089,1002,Vrhnika,2022,8,55,0,17684.0,4,1
1090,1003,Vrhnika,2023,8,42,0,17923.0,4,1
1091,1004,Vrhnika,2024,3,36,1,18151.0,2,0
1092,1005,Vrhnika,2025,6,53,1,18206.0,3,1
1093,182,Vrhnika,2021-2025,26,226,4,17915.4,3,1
1094,1006,Vuzenica,2021,1,0,0,2649.0,3,1
1095,1007,Vuzenica,2022,0,2,0,2652.0,0,0
1096,1008,Vuzenica,2023,0,3,0,2667.0,0,0
1097,1009,Vuzenica,2024,0,4,0,2641.0,0,0
1098,1010,Vuzenica,2025,1,1,0,2621.0,3,1
1099,183,Vuzenica,2021-2025,2,10,0,2646.0,1,0
1100,1011,Zagorje ob Savi,2021,8,27,1,16379.0,5,2
1101,1012,Zagorje ob Savi,2022,3,28,0,16307.0,1,0
1102,1013,Zagorje ob Savi,2023,1,45,0,16413.0,0,0
1103,1014,Zagorje ob Savi,2024,4,35,1,16470.0,3,1
1104,1015,Zagorje ob Savi,2025,4,38,1,16379.0,3,1
1105,184,Zagorje ob Savi,2021-2025,20,173,3,16389.6,2,0
1106,1016,Zavrč,2021,1,2,0,1527.0,5,2
1107,1017,Zavrč,2022,0,3,0,1506.0,0,0
1108,1018,Zavrč,2023,0,0,0,1484.0,0,0
1109,1019,Zavrč,2024,0,0,0,1478.0,0,0
1110,1020,Zavrč,2025,1,1,1,1471.0,12,2
1111,185,Zavrč,2021-2025,2,6,1,1493.2,3,1
1112,1021,Zreče,2021,5,18,0,6600.0,6,2
1113,1022,Zreče,2022,2,20,0,6576.0,2,0
1114,1023,Zreče,2023,0,24,0,6645.0,0,0
1115,1024,Zreče,2024,2,27,0,6653.0,2,0
1116,1025,Zreče,2025,3,16,0,6654.0,4,1
1117,186,Zreče,2021-2025,12,105,0,6625.6,3,1
1118,110,Črenšovci,2021,0,5,1,3972.0,3,1
1119,111,Črenšovci,2022,0,6,0,3982.0,0,0
1120,112,Črenšovci,2023,0,7,0,3935.0,0,0
1121,113,Črenšovci,2024,0,9,1,3928.0,3,1
1122,114,Črenšovci,2025,3,19,0,3899.0,6,2
1123,187,Črenšovci,2021-2025,3,46,2,3943.2,2,0
1124,115,Črna na Koroškem,2021,1,1,0,3252.0,2,0
1125,116,Črna na Koroškem,2022,0,6,0,3201.0,0,0
1126,117,Črna na Koroškem,2023,1,3,0,3193.0,3,1
1127,118,Črna na Koroškem,2024,1,2,1,3061.0,6,2
1128,119,Črna na Koroškem,2025,1,3,0,3012.0,3,1
1129,188,Črna na Koroškem,2021-2025,4,15,1,3143.8,3,1
1130,120,Črnomelj,2021,9,43,0,14308.0,5,2
1131,121,Črnomelj,2022,6,41,1,14279.0,4,1
1132,122,Črnomelj,2023,8,32,0,14236.0,4,1
1133,123,Črnomelj,2024,5,33,1,14232.0,4,1
1134,124,Črnomelj,2025,8,35,1,14213.0,5,2
1135,189,Črnomelj,2021-2025,36,184,3,14253.6,4,1
1136,827,Šalovci,2021,0,0,0,1388.0,0,0
1137,828,Šalovci,2022,0,1,0,1372.0,0,0
1138,829,Šalovci,2023,1,1,0,1369.0,6,2
1139,830,Šalovci,2024,0,1,1,1334.0,7,2
1140,831,Šalovci,2025,0,3,0,1343.0,0,0
1141,190,Šalovci,2021-2025,1,6,1,1361.2,3,1
1142,832,Šempeter-Vrtojba,2021,5,13,0,6292.0,6,2
1143,833,Šempeter-Vrtojba,2022,2,17,0,6164.0,3,1
1144,834,Šempeter-Vrtojba,2023,4,15,0,6175.0,5,2
1145,835,Šempeter-Vrtojba,2024,5,20,2,6267.0,10,2
1146,836,Šempeter-Vrtojba,2025,4,9,0,6383.0,5,2
1147,191,Šempeter-Vrtojba,2021-2025,20,74,2,6256.2,6,2
1148,842,Šentilj,2021,0,16,0,8375.0,0,0
1149,843,Šentilj,2022,2,18,0,8367.0,2,0
1150,844,Šentilj,2023,5,22,1,8403.0,6,2
1151,845,Šentilj,2024,3,13,0,8475.0,3,1
1152,846,Šentilj,2025,2,17,0,8386.0,2,0
1153,192,Šentilj,2021-2025,12,86,1,8401.2,3,1
1154,847,Šentjernej,2021,3,21,0,7225.0,3,1
1155,848,Šentjernej,2022,1,15,0,7247.0,1,0
1156,849,Šentjernej,2023,0,18,0,7356.0,0,0
1157,850,Šentjernej,2024,4,8,0,7418.0,4,1
1158,851,Šentjernej,2025,1,12,2,7438.0,4,1
1159,193,Šentjernej,2021-2025,9,74,2,7336.8,3,1
1160,852,Šentjur,2021,8,76,2,19378.0,4,1
1161,853,Šentjur,2022,9,71,1,19378.0,4,1
1162,854,Šentjur,2023,6,95,0,19482.0,2,0
1163,855,Šentjur,2024,11,85,0,19579.0,4,1
1164,856,Šentjur,2025,5,85,3,19646.0,4,1
1165,194,Šentjur,2021-2025,39,412,6,19492.6,4,1
1166,857,Šentrupert,2021,2,8,0,2898.0,6,2
1167,858,Šentrupert,2022,1,2,0,2935.0,3,1
1168,859,Šentrupert,2023,2,8,1,2939.0,9,2
1169,860,Šentrupert,2024,1,10,0,2995.0,3,1
1170,861,Šentrupert,2025,0,7,1,2936.0,3,1
1171,195,Šentrupert,2021-2025,6,35,2,2940.6,5,2
1172,837,Šenčur,2021,4,17,0,8829.0,4,1
1173,838,Šenčur,2022,3,27,3,8893.0,6,2
1174,839,Šenčur,2023,5,23,0,8939.0,4,1
1175,840,Šenčur,2024,5,35,0,8786.0,5,2
1176,841,Šenčur,2025,7,16,0,8875.0,6,2
1177,196,Šenčur,2021-2025,24,118,3,8864.4,5,2
1178,862,Škocjan,2021,1,3,0,3429.0,2,0
1179,863,Škocjan,2022,4,9,0,3419.0,9,2
1180,864,Škocjan,2023,1,11,0,3423.0,2,0
1181,865,Škocjan,2024,1,7,0,3478.0,2,0
1182,866,Škocjan,2025,2,9,0,3577.0,4,1
1183,197,Škocjan,2021-2025,9,39,0,3465.2,4,1
1184,867,Škofja Loka,2021,7,53,0,23462.0,2,0
1185,868,Škofja Loka,2022,8,37,1,23622.0,3,1
1186,869,Škofja Loka,2023,7,47,2,23779.0,3,1
1187,870,Škofja Loka,2024,5,32,3,23901.0,3,1
1188,871,Škofja Loka,2025,9,60,0,23884.0,3,1
1189,198,Škofja Loka,2021-2025,36,229,6,23729.6,3,1
1190,872,Škofljica,2021,4,25,0,11657.0,3,1
1191,873,Škofljica,2022,11,30,1,11666.0,8,2
1192,874,Škofljica,2023,6,41,1,11897.0,5,2
1193,875,Škofljica,2024,0,32,0,12017.0,0,0
1194,876,Škofljica,2025,4,39,1,12124.0,3,1
1195,199,Škofljica,2021-2025,25,167,3,11872.2,4,1
1196,877,Šmarje pri Jelšah,2021,8,36,2,10375.0,8,2
1197,878,Šmarje pri Jelšah,2022,3,40,0,10361.0,2,0
1198,879,Šmarje pri Jelšah,2023,4,37,0,10505.0,3,1
1199,880,Šmarje pri Jelšah,2024,8,39,0,10573.0,6,2
1200,881,Šmarje pri Jelšah,2025,8,33,1,10512.0,7,2
1201,200,Šmarje pri Jelšah,2021-2025,31,185,3,10465.2,5,2
1202,882,Šmarješke Toplice,2021,1,9,0,3521.0,2,0
1203,883,Šmarješke Toplice,2022,2,11,0,3522.0,5,2
1204,884,Šmarješke Toplice,2023,1,14,0,3544.0,2,0
1205,885,Šmarješke Toplice,2024,5,15,1,3583.0,14,2
1206,886,Šmarješke Toplice,2025,1,14,0,3607.0,2,0
1207,201,Šmarješke Toplice,2021-2025,10,63,1,3555.4,5,2
1208,887,Šmartno ob Paki,2021,1,3,0,3278.0,2,0
1209,888,Šmartno ob Paki,2022,0,10,0,3324.0,0,0
1210,889,Šmartno ob Paki,2023,2,6,0,3369.0,5,2
1211,890,Šmartno ob Paki,2024,2,1,0,3379.0,5,2
1212,891,Šmartno ob Paki,2025,3,7,0,3407.0,7,2
1213,202,Šmartno ob Paki,2021-2025,8,27,0,3351.4,4,1
1214,892,Šmartno pri Litiji,2021,4,10,0,5661.0,6,2
1215,893,Šmartno pri Litiji,2022,0,6,0,5700.0,0,0
1216,894,Šmartno pri Litiji,2023,0,8,0,5768.0,0,0
1217,895,Šmartno pri Litiji,2024,0,14,0,5756.0,0,0
1218,896,Šmartno pri Litiji,2025,2,10,0,5810.0,3,1
1219,203,Šmartno pri Litiji,2021-2025,6,48,0,5739.0,2,0
1220,897,Šoštanj,2021,3,23,1,8847.0,4,1
1221,898,Šoštanj,2022,6,13,1,8822.0,7,2
1222,899,Šoštanj,2023,4,22,0,9064.0,4,1
1223,900,Šoštanj,2024,5,28,1,9132.0,5,2
1224,901,Šoštanj,2025,5,15,0,9007.0,4,1
1225,204,Šoštanj,2021-2025,23,101,3,8974.4,5,2
1226,902,Štore,2021,1,16,0,4477.0,2,0
1227,903,Štore,2022,1,6,0,4396.0,2,0
1228,904,Štore,2023,1,21,1,4466.0,4,1
1229,905,Štore,2024,4,13,0,4452.0,7,2
1230,906,Štore,2025,1,23,0,4481.0,2,0
1231,205,Štore,2021-2025,8,79,1,4454.4,3,1
1232,1026,Žalec,2021,8,81,2,21528.0,4,1
1233,1027,Žalec,2022,3,78,0,21477.0,1,0
1234,1028,Žalec,2023,14,104,2,21675.0,6,2
1235,1029,Žalec,2024,10,96,0,21788.0,4,1
1236,1030,Žalec,2025,15,68,2,21823.0,6,2
1237,206,Žalec,2021-2025,50,427,6,21658.2,4,1
1238,1031,Železniki,2021,5,10,1,6699.0,7,2
1239,1032,Železniki,2022,5,12,1,6685.0,7,2
1240,1033,Železniki,2023,4,13,1,6643.0,6,2
1241,1034,Železniki,2024,6,14,0,6672.0,7,2
1242,1035,Železniki,2025,4,15,0,6670.0,5,2
1243,207,Železniki,2021-2025,24,64,3,6673.8,7,2
1244,1036,Žetale,2021,0,1,1,1303.0,8,2
1245,1037,Žetale,2022,3,5,1,1309.0,26,2
1246,1038,Žetale,2023,1,4,0,1293.0,6,2
1247,1039,Žetale,2024,0,0,0,1288.0,0,0
1248,1040,Žetale,2025,1,1,0,1318.0,6,2
1249,208,Žetale,2021-2025,5,11,2,1302.2,9,2
1250,1041,Žiri,2021,2,5,0,4981.0,3,1
1251,1042,Žiri,2022,1,5,0,4990.0,2,0
1252,1043,Žiri,2023,0,7,0,5055.0,0,0
1253,1044,Žiri,2024,1,3,0,5047.0,2,0
1254,1045,Žiri,2025,0,10,1,5106.0,2,0
1255,209,Žiri,2021-2025,4,30,1,5035.8,2,0
1256,1046,Žirovnica,2021,1,10,0,4465.0,2,0
1257,1047,Žirovnica,2022,2,5,0,4479.0,4,1
1258,1048,Žirovnica,2023,2,3,0,4509.0,4,1
1259,1049,Žirovnica,2024,0,14,0,4535.0,0,0
1260,1050,Žirovnica,2025,3,9,0,4525.0,5,2
1261,210,Žirovnica,2021-2025,8,41,0,4502.6,3,1
1262,1051,Žužemberk,2021,6,16,0,4741.0,10,2
1263,1052,Žužemberk,2022,3,18,0,4719.0,5,2
1264,1053,Žužemberk,2023,3,8,0,4681.0,5,2
1265,1054,Žužemberk,2024,3,8,0,4663.0,5,2
1266,1055,Žužemberk,2025,7,18,1,4691.0,14,2
1267,211,Žužemberk,2021-2025,22,68,1,4699.0,8,2
